{
    "confusion_matrix": [
        [
            2011,
            553
        ],
        [
            459,
            3843
        ]
    ],
    "accuracy_score": 0.8526070492280804,
    "mean accuracy": 85.75523041159579,
    "standard deviation": 0.7729901168514113
}