{
    "confusion_matrix": [
        [
            2108,
            546
        ],
        [
            464,
            3748
        ]
    ],
    "accuracy_score": 0.8528983396446257,
    "mean accuracy": 85.58042126208876,
    "standard deviation": 0.5166405204612399
}