{
    "confusion_matrix": [
        [
            2072,
            535
        ],
        [
            435,
            3824
        ]
    ],
    "accuracy_score": 0.8587241479755316,
    "mean accuracy": 85.48816703367173,
    "standard deviation": 0.4513110606471389
}